Workbook

Sheet Datos
A1: Scheduling en la nube · Thiago Paolo Icochea Rodriguez (U22330428) · Servicios Cloud 45104
A3: Trabajo | B3: Duración (min)
A4: J1 | B4: 12
A5: J2 | B5: 4
A6: J3 | B6: 8
A7: J4 | B7: 3
A8: J5 | B8: 10
A9: J6 | B9: 6
A10: J7 | B10: 2
A11: J8 | B11: 7
A12: Tiempo total | B12: =SUM(B4:B11)
A13: N.° de VM | B13: 3
A14: Carga media teórica | B14: =B12/B13
A15: Cota inferior entera | B15: =ROUNDUP(B14,0)

Sheet Round Robin
A1: Round Robin
A3: VM | B3: Trabajos asignados | C3: Carga total (min)
A4: VM1 | B4: J1 + J4 + J7 | C4: =Datos!B4+Datos!B7+Datos!B10
A5: VM2 | B5: J2 + J5 + J8 | C5: =Datos!B5+Datos!B8+Datos!B11
A6: VM3 | B6: J3 + J6 | C6: =Datos!B6+Datos!B9
A8: Makespan Cmax | C8: =MAX(C4:C6)
A9: Desbalance (máx − mín) | C9: =MAX(C4:C6)-MIN(C4:C6)
A10: Utilización media (%) | C10: =SUM(C4:C6)/(3*C8)*100
A11: Diferencia con la cota inferior | C11: =C8-Datos!B15

Sheet SJF (VM libre primero)
A1: SJF (VM libre primero)
A3: VM | B3: Trabajos asignados | C3: Carga total (min)
A4: VM1 | B4: J7 + J6 + J5 | C4: =Datos!B10+Datos!B9+Datos!B8
A5: VM2 | B5: J4 + J8 + J1 | C5: =Datos!B7+Datos!B11+Datos!B4
A6: VM3 | B6: J2 + J3 | C6: =Datos!B5+Datos!B6
A8: Makespan Cmax | C8: =MAX(C4:C6)
A9: Desbalance (máx − mín) | C9: =MAX(C4:C6)-MIN(C4:C6)
A10: Utilización media (%) | C10: =SUM(C4:C6)/(3*C8)*100
A11: Diferencia con la cota inferior | C11: =C8-Datos!B15

Sheet Propuesta equilibrada
A1: Propuesta equilibrada
A3: VM | B3: Trabajos asignados | C3: Carga total (min)
A4: VM1 | B4: J1 + J6 | C4: =Datos!B4+Datos!B9
A5: VM2 | B5: J5 + J4 + J2 | C5: =Datos!B8+Datos!B7+Datos!B5
A6: VM3 | B6: J3 + J8 + J7 | C6: =Datos!B6+Datos!B11+Datos!B10
A8: Makespan Cmax | C8: =MAX(C4:C6)
A9: Desbalance (máx − mín) | C9: =MAX(C4:C6)-MIN(C4:C6)
A10: Utilización media (%) | C10: =SUM(C4:C6)/(3*C8)*100
A11: Diferencia con la cota inferior | C11: =C8-Datos!B15

Sheet Orden SJF
A1: Posición | B1: Trabajo | C1: Duración
A2: 1 | B2: J7 | C2: =Datos!B10
A3: 2 | B3: J4 | C3: =Datos!B7
A4: 3 | B4: J2 | C4: =Datos!B5
A5: 4 | B5: J6 | C5: =Datos!B9
A6: 5 | B6: J8 | C6: =Datos!B11
A7: 6 | B7: J3 | C7: =Datos!B6
A8: 7 | B8: J5 | C8: =Datos!B8
A9: 8 | B9: J1 | C9: =Datos!B4
